id,mil,coop,target,import,export,cost,num,ncost
1,1,4,3,1,1,4,15,major loss
2,0,2,3,0,1,3,4,modest loss
3,0,1,3,1,0,2,1,little effect
4,1,1,3,1,1,2,1,little effect
5,0,1,3,1,1,2,1,little effect
6,0,1,3,0,1,2,1,little effect
7,1,2,2,0,1,2,3,little effect
8,0,1,3,0,0,2,3,little effect
9,0,2,1,0,0,1,2,net gain
10,1,2,3,1,1,2,1,little effect
11,1,1,2,0,0,1,1,net gain
12,0,1,2,1,1,2,1,little effect
13,0,3,1,1,1,2,8,little effect
14,0,3,3,1,1,4,7,major loss
15,0,3,2,1,1,3,21,modest loss
16,0,1,2,0,0,1,1,net gain
17,0,4,2,1,1,2,7,little effect
18,0,3,3,0,0,2,4,little effect
19,0,1,1,0,0,1,1,net gain
20,0,3,3,1,0,3,120,modest loss
21,0,4,3,0,0,2,7,little effect
22,0,1,2,0,0,1,1,net gain
23,0,1,2,1,1,4,1,major loss
24,0,1,2,0,0,1,1,net gain
25,0,1,1,0,0,1,1,net gain
26,0,3,2,1,1,2,32,little effect
27,0,1,2,1,0,2,1,little effect
28,0,1,2,1,0,2,1,little effect
29,0,1,2,0,0,1,1,net gain
30,0,4,2,1,1,3,150,modest loss
31,0,1,2,0,0,1,1,net gain
32,0,1,2,0,0,1,1,net gain
33,0,1,1,0,0,1,1,net gain
34,0,1,2,0,1,1,5,net gain
35,0,2,1,1,1,2,2,little effect
36,0,3,3,0,1,1,10,net gain
37,0,1,2,0,0,1,1,net gain
38,0,1,1,0,0,1,1,net gain
39,0,1,2,0,0,1,1,net gain
40,0,2,3,0,1,2,2,little effect
41,0,2,2,0,1,2,1,little effect
42,0,2,3,0,0,2,2,little effect
43,0,1,3,1,0,2,1,little effect
44,0,2,3,0,1,2,1,little effect
45,0,1,1,1,1,1,1,net gain
46,0,1,2,0,1,1,1,net gain
47,0,1,3,0,1,2,1,little effect
48,0,2,1,1,0,1,1,net gain
49,0,1,3,0,0,1,1,net gain
50,0,1,2,0,0,1,1,net gain
51,0,1,2,0,1,2,1,little effect
52,0,1,3,0,1,2,1,little effect
53,0,1,1,0,1,1,1,net gain
54,0,1,1,0,0,1,2,net gain
55,0,1,2,0,0,1,1,net gain
56,0,1,2,0,1,2,1,little effect
57,0,2,2,0,1,2,3,little effect
58,0,2,3,0,1,2,2,little effect
59,0,2,3,0,1,2,2,little effect
60,0,3,2,1,1,3,9,modest loss
61,1,3,2,0,0,1,7,net gain
62,0,1,3,1,1,3,1,modest loss
63,0,3,1,1,1,3,10,modest loss
64,0,2,2,0,0,1,2,net gain
65,0,3,3,1,1,2,8,little effect
66,0,2,1,0,0,1,2,net gain
67,0,3,3,0,1,3,13,modest loss
68,0,1,2,0,1,2,1,little effect
69,0,1,2,1,0,2,1,little effect
70,0,3,1,1,1,2,4,little effect
71,0,2,3,0,1,3,1,modest loss
72,0,2,2,0,0,1,8,net gain
73,1,3,1,1,1,2,14,little effect
74,0,2,1,0,0,1,2,net gain
75,0,1,3,0,1,2,1,little effect
76,0,4,3,1,0,2,13,little effect
77,0,1,2,0,0,1,1,net gain
78,1,3,1,1,1,2,10,little effect
